Timestamp,Amplitude
20241206_144542,807
111332,736
111335,737
111329,807
111332,736
111335,737
111329,807
111332,736
111335,737
0,741
1,733
2,737
4,742
5,811
6,816
8,5
10,804
13,859
15,781
18,733
20,734
23,746
25,833
28,875
30,961
32,943
35,770
37,734
40,738
43,741
46,843
48,897
51,961
53,937
56,760
58,736
61,735
63,747
66,851
68,899
71,973
73,919
76,4
78,734
81,734
83,752
87,844
89,885
92,968
94,916
97,739
99,732
102,738
104,807
107,859
110,754
113,821
115,737
118,738
121,737
124,747
126,861
130,954
133,960
136,795
138,738
141,735
144,750
147,767
149,864
152,920
155,832
158,737
160,731
163,737
166,858
168,924
172,955
175,863
178,4
180,734
183,740
186,855
188,916
191,963
194,904
197,733
199,730
202,741
205,841
208,899
210,959
214,5
217,736
219,733
222,745
225,826
228,886
230,958
233,930
236,749
239,735
241,735
244,813
247,759
250,894
252,906
256,748
259,736
262,734
264,752
267,869
270,952
272,955
275,800
278,736
281,737
283,745
286,846
289,931
292,948
294,847
297,732
301,737
304,742
306,852
309,907
312,957
315,5
317,740
320,733
323,742
325,851
328,911
331,964
334,911
336,736
339,731
343,739
346,838
348,895
351,734
354,760
357,733
359,734
362,737
365,816
367,873
370,961
373,932
376,739
378,731
381,741
385,814
388,856
390,956
393,951
396,768
399,737
401,736
404,753
407,865
410,959
412,957
415,783
418,5
420,732
423,744
427,848
430,931
432,962
435,853
438,734
441,734
443,742
446,848
449,905
451,723
454,745
457,734
460,733
462,742
465,846
468,903
472,967
474,892
477,733
480,730
483,742
485,836
488,736
491,883
494,840
496,736
499,728
502,733
505,827
507,878
510,952
514,908
516,736
519,735
522,735
525,817
527,879
530,962
533,947
536,754
538,731
541,741
544,808
547,868
549,965
552,960
556,5
558,735
561,735
564,746
567,854
569,936
572,955
575,804
578,737
580,730
583,737
586,853
589,756
591,860
594,799
598,735
600,736
603,743
606,854
609,905
611,963
614,888
617,732
620,731
622,743
625,748
628,831
631,942
633,884
636,742
640,736
643,737
645,827
648,888
651,967
654,912
656,733
659,734
662,739
664,835
667,897
670,963
673,940
675,753
678,734
681,736
685,811
687,870
690,961
693,5
695,737
698,735
701,735
704,745
706,858
709,955
712,957
715,776
717,733
720,734
723,748
727,757
729,868
732,936
735,847
738,738
740,733
743,739
746,863
749,926
751,968
754,884
757,731
759,735
762,739
765,840
769,896
771,962
774,906
777,739
780,730
782,737
785,840
788,898
791,963
793,4
796,736
799,734
801,735
804,830
807,888
811,968
813,943
816,742
819,741
822,741
824,809
827,865
830,5
832,787
835,737
838,735
841,736
843,754
846,855
849,942
852,952
855,788
858,734
861,732
863,744
866,852
869,928
872,965
874,869
877,733
880,735
883,745
885,861
888,917
891,959
894,897
897,5
900,732
903,735
905,845
908,901
911,958
914,906
916,737
919,734
922,739
925,828
927,885
930,4
933,766
935,739
939,735
942,737
945,823
947,882
950,966
953,949
956,762
958,733
961,736
964,758
967,731
969,860
972,877
975,737
977,734
980,736
984,741
987,854
989,943
992,957
995,791
998,733
1000,737
1003,740
1006,865
1009,968
1012,961
1015,760
1018,733
1021,738
1025,840
1028,911
1031,959
1034,4
1037,737
1040,734
1043,748
1046,856
1049,955
1052,956
1055,767
1058,734
1061,742
1064,822
1068,743
1071,905
1074,867
1077,734
1080,735
1083,743
1086,869
1089,958
1092,950
1095,783
1098,735
1101,738
1104,799
1107,864
1111,966
1114,906
1117,737
1120,737
1123,741
1126,874
1129,946
1132,954
1135,785
1138,739
1141,739
1144,810
1147,890
1150,966
1154,932
1157,739
1160,734
1163,741
1166,864
1169,940
1172,733
1175,731
1178,736
1181,735
1184,758
1186,882
1189,958
1192,927
1196,739
1199,731
1202,743
1205,779
1208,866
1211,958
1214,865
1217,734
1220,737
1223,749
1226,866
1229,964
1232,956
1235,745
1239,5
1242,736
1245,840
1248,915
1251,961
1254,885
1257,736
1260,731
1263,745
1266,866
1269,960
1272,741
1275,736
1278,732
1282,739
1285,834
1288,904
1291,960
1294,900
1297,735
1300,731
1303,748
1306,867
1309,804
1312,861
1315,739
1318,731
1321,741
1325,823
1328,895
1331,966
1334,896
1337,732
1340,4
1343,748
1346,866
1349,957
1352,954
1355,794
1358,737
1360,741
1363,817
1367,888
1370,963
1373,926
1376,5
1379,734
1382,744
1385,857
1388,930
1391,964
1394,856
1397,733
1400,736
1403,756
1406,873
1410,796
1413,836
1416,737
1419,733
1422,741
1425,847
1428,916
1431,956
1434,869
1437,733
1440,739
1443,5
1446,791
1449,915
1453,925
1456,742
1459,731
1462,739
1465,833
1468,897
1471,960
1474,883
1477,732
1480,734
1483,746
1486,873
1489,964
1492,956
1496,774
1499,730
1502,738
1505,831
1508,910
1511,955
1514,736
1517,737
1520,735
1523,738
1526,858
1529,952
1532,956
1534,775
1538,734
1541,733
1544,824
1547,815
1550,944
1553,903
1556,736
1559,733
1562,741
1565,870
1568,958
1571,953
1574,778
1577,734
1581,735
1584,810
1587,872
1590,966
1593,927
1596,732
1599,738
1602,744
1605,851
1608,931
1611,958
1614,733
1617,735
1620,735
1624,815
1627,873
1630,962
1633,936
1636,737
1639,733
1642,738
1645,859
1648,5
1651,823
1654,757
1657,736
1660,736
1664,742
1667,861
1670,968
1673,936
1676,737
1679,735
1682,738
1685,837
1688,909
1691,958
1694,878
1697,735
1700,732
1703,750
1707,873
1710,964
1713,952
1716,749
1719,732
1722,736
1725,835
1728,895
1731,962
1734,890
1737,731
1740,735
1743,746
1746,846
1750,4
1752,809
1755,737
1758,741
1761,739
1764,829
1767,890
1770,964
1773,910
1776,734
1779,736
1782,740
1785,743
1788,874
1792,929
1795,749
1798,739
1801,740
1804,816
1807,881
1810,966
1813,914
1816,736
1819,733
1822,740
1825,863
1828,959
1831,953
1835,799
1838,736
1841,735
1844,817
1847,888
1850,960
1853,4
1856,737
1859,740
1862,738
1865,852
1868,923
1871,955
1874,859
1878,734
1881,736
1884,752
1887,770
1890,914
1893,920
1896,738
1899,731
1902,745
1905,842
1908,916
1911,964
1914,878
1917,734
1921,739
1924,740
1926,858
1929,970
1932,954
1935,755
1938,736
1941,738
1944,835
1947,896
1950,960
1953,735
1956,737
1959,733
1963,748
1966,868
1969,967
1972,954
1975,761
1978,739
1981,740
1984,844
1987,912
1990,780
1993,769
1996,737
1999,733
2002,752
2006,857
2009,955
2012,958
2015,758
2018,732
2021,4
2024,821
2027,886
2030,968
2033,929
2036,736
2039,737
2042,743
2045,868
2049,948
2052,962
2055,795
2058,734
2061,732
2064,818
2067,881
2070,969
2073,924
2076,739
2079,734
2082,743
2085,859
2088,938
2092,778
2095,736
2098,737
2101,736
2104,813
2107,870
2110,957
2113,932
2116,735
2119,736
2122,742
2125,5
2127,814
2130,925
2134,837
2137,733
2140,734
2143,752
2146,869
2149,965
2152,949
2155,739
2158,735
2161,739
2164,840
2167,913
2170,960
2173,879
2177,736
2180,735
2183,742
2186,871
2189,964
2192,952
2195,738
2198,731
2201,741
2204,834
2207,903
2210,966
2213,895
2216,733
2220,734
2223,743
2226,732
2229,882
2232,921
2235,748
2238,733
2241,738
2244,826
2247,901
2250,966
2253,901
2256,739
2259,732
2263,741
2266,840
2269,938
2272,955
2275,775
2278,733
2281,737
2284,826
2287,879
2290,965
2293,4
2296,737
2299,734
2302,740
2306,872
2309,946
2312,960
2315,799
2318,737
2320,736
2323,805
2326,881
2329,744
2332,782
2335,738
2338,735
2341,740
2344,842
2348,918
2351,953
2354,795
2357,736
2360,735
2363,748
2366,872
2369,965
2372,952
2375,739
2378,734
2381,741
2384,844
2387,918
2391,962
2394,870
2397,5
2400,735
2403,741
2406,867
2409,962
2412,955
2415,746
2418,733
2421,735
2424,821
2427,896
2430,767
2434,761
2437,738
2440,735
2443,742
2446,862
2449,960
2452,959
2455,766
2458,732
2461,741
2464,5
2467,787
2470,924
2473,871
2477,737
2480,733
2483,743
2486,867
2489,948
2492,959
2494,771
2497,736
2500,741
2503,819
2506,900
2509,962
2512,925
2515,736
2519,732
2522,745
2525,869
2528,956
2531,959
2534,734
2537,732
2540,741
2543,816
2546,863
2549,969
2552,928
2555,733
2558,736
2562,738
2565,5
2568,836
2571,943
2574,849
2577,734
2580,736
2583,756
2586,882
2589,962
2592,949
2595,745
2598,732
2601,740
2605,846
2608,907
2611,965
2614,871
2617,736
2620,736
2623,747
2626,858
2629,963
2632,943
2635,737
2638,736
2641,737
2644,837
2648,914
2651,956
2654,884
2657,734
2660,735
2663,749
2666,865
2669,741
2672,806
2675,732
2678,733
2681,743
2684,825
2688,896
2691,963
2694,878
2697,738
2700,731
2703,739
2706,854
2709,961
2711,955
2714,773
2717,735
2720,734
2723,823
2726,894
2729,960
2733,900
2736,5
2739,734
2742,738
2745,859
2748,956
2751,953
2754,782
2757,730
2760,736
2763,817
2766,881
2769,796
2772,813
2776,734
2779,735
2782,742
2785,857
2788,930
2791,961
2794,803
2797,740
2800,734
2803,5
2806,804
2809,926
2812,921
2816,735
2819,731
2822,741
2825,843
2828,902
2831,962
2834,864
2837,733
2840,735
2843,746
2846,881
2849,967
2852,956
2855,756
2859,733
2862,743
2865,841
2868,907
2871,4
2873,742
2876,734
2879,735
2882,747
2885,859
2888,962
2891,955
2894,756
2897,733
2900,734
2904,736
2907,841
2910,955
2913,904
2916,733
2919,735
2922,740
2925,859
2928,960
2931,962
2934,775
2937,732
2940,735
2944,816
2947,888
2950,963
2953,915
2956,733
2959,734
2962,741
2965,853
2968,947
2971,732
2974,734
2977,737
2980,736
2983,816
2987,879
2990,957
2993,922
2996,736
2999,737
3002,739
3005,860
3008,789
3011,872
3014,737
3017,736
3020,736
3023,814
3026,869
3030,963
3033,930
3036,732
3039,4
3042,739
3045,847
3048,922
3051,966
3054,868
3057,739
3059,731
3062,744
3065,874
3068,965
3072,955
3075,736
3078,729
3081,741
3084,840
3087,908
3090,963
3093,874
3096,735
3099,734
3102,745
3105,4
3108,862
3111,897
3115,739
3118,731
3121,741
3124,830
3127,908
3130,958
3133,892
3136,732
3139,734
3142,736
3145,854
3148,953
3151,959
3154,766
3158,731
3161,739
3164,822
3167,893
3170,962
3173,901
3176,737
3179,734
3182,742
3185,872
3188,956
3191,964
3194,788
3197,735
3201,738
3204,812
3207,887
3210,746
3213,774
3216,742
3219,733
3222,745
3225,850
3228,940
3231,950
3234,786
3237,734
3240,735
3244,806
3247,875
3250,959
3253,927
3256,736
3259,732
3262,745
3265,860
3268,933
3271,963
3274,801
3276,733
3279,739
3282,754
3286,865
3289,968
3292,941
3295,738
3298,738
3301,740
3304,848
3307,912
3310,833
3313,783
3316,733
3319,737
3322,747
3325,870
3329,972
3332,952
3335,752
3338,733
3341,744
3344,743
3347,837
3350,959
3353,866
3356,740
3359,733
3362,750
3365,871
3368,966
3372,955
3375,751
3378,736
3381,744
3384,844
3387,914
3390,966
3393,888
3396,736
3399,738
3402,746
3405,863
3408,966
3411,743
3415,739
3418,737
3421,740
3424,831
3427,901
3430,963
3433,894
3436,739
3439,734
3442,744
3445,803
3448,918
3451,953
3454,773
3458,731
3461,744
3464,827
3467,894
3470,963
3473,907
3476,734
3479,737
3482,746
3485,855
3488,963
3491,956
3494,774
3497,738
3501,737
3504,822
3507,877
3510,4
3512,766
3515,736
3518,735
3521,742
3524,851
3527,932
3530,956
3533,799
3536,734
3539,731
3543,803
3546,744
3549,898
3552,880
3555,738
3558,733
3561,741
3564,855
3567,919
3570,958
3573,840
3576,735
3579,737
3582,745
3586,879
3589,962
3592,950
3595,745
3598,734
3601,740
3604,842
3607,915
3610,959
3613,735
3616,731
3619,735
3622,746
3625,862
3629,967
3632,950
3635,749
3638,731
3641,741
3644,4
3647,809
3650,946
3653,886
3656,735
3659,735
3662,748
3665,865
3668,957
3672,953
3675,767
3678,735
3681,737
3684,821
3687,888
3690,953
3693,900
3696,736
3699,733
3702,740
3705,852
3708,946
3710,5
3714,735
3717,739
3720,736
3723,821
3726,885
3729,962
3732,915
3735,734
3738,731
3741,739
3744,862
3747,777
3750,880
3753,737
3757,733
3760,733
3763,815
3766,874
3769,965
3772,930
3775,733
3778,5
3781,739
3784,849
3787,922
3790,962
3793,870
3796,746
3800,736
3803,743
3806,873
3809,963
3812,948
3815,734
3818,729
3821,742
3824,839
3827,910
3830,959
3833,878
3836,734
3840,734
3843,747
3846,741
3849,893
3852,916
3855,737
3858,732
3861,741
3864,834
3867,907
3870,965
3873,887
3876,736
3879,5
3881,740
3885,841
3888,947
3891,959
3894,760
3897,738
3900,733
3903,821
3906,874
3909,961
3912,738
3915,736
3918,733
3921,740
3924,868
3928,959
3931,953
3934,782
3937,730
3940,735
3943,814
3946,4
3949,857
3952,850
3955,736
3958,732
3961,738
3964,865
3968,934
3971,958
3974,786
3977,735
3980,732
3983,786
3986,875
3989,961
3992,948
3995,740
3998,732
4001,740
4004,841
4007,922
4011,963
4014,4
4016,736
4019,732
4022,746
4025,872
4028,963
4031,951
4034,741
4037,733
4040,736
4043,842
4046,786
4049,922
4052,860
4056,732
4059,734
4062,741
4065,859
4068,964
4071,955
4074,758
4077,734
4080,734
4083,819
4086,882
4089,966
4092,892
4096,735
4099,730
4102,746
4105,851
4108,955
4111,954
4114,736
4117,729
4120,741
4123,826
4126,902
4129,962
4132,913
4135,733
4139,736
4142,745
4145,856
4148,793
4151,853
4154,740
4157,734
4160,739
4163,817
4166,887
4169,962
4172,909
4175,737
4178,5
4182,742
4185,859
4188,948
4191,957
4194,804
4197,729
4200,736
4203,817
4206,878
4209,960
4212,936
4215,737
4218,734
4221,737
4225,863
4228,930
4231,963
4233,858
4236,741
4239,733
4242,755
4245,742
4248,907
4251,908
4254,735
4257,734
4260,738
4263,847
4267,924
4270,955
4273,870
4276,732
4279,5
4282,740
4285,856
4288,959
4291,945
4294,753
4297,730
4300,744
4303,827
4306,894
4310,963
4313,741
4316,737
4319,736
4322,744
4325,861
4328,960
4331,950
4334,762
4337,731
4340,741
4343,823
4346,728
4349,893
4353,851
4356,733
4359,739
4362,740
4365,861
4368,950
4371,959
4374,768
4377,738
4380,735
4383,821
4386,899
4389,960
4392,913
4396,733
4399,734
4402,743
4405,867
4408,957
4411,957
4414,736
4417,734
4420,735
4423,808
4426,883
4429,960
4432,926
4435,736
4439,731
4442,744
4445,4
4447,854
4450,944
4453,798
4456,735
4459,735
4462,750
4465,874
4468,966
4471,944
4474,744
4477,735
4481,736
4484,843
4487,911
4490,965
4493,872
4496,735
4499,738
4502,747
4505,871
4508,965
4511,739
4514,737
4517,734
4520,741
4524,847
4527,911
4530,965
4533,883
4536,736
4539,740
4542,743
4545,5
4548,846
4551,886
4554,738
4557,730
4560,738
4563,842
4567,901
4570,964
4573,888
4576,742
4579,736
4582,743
4585,863
4588,966
4591,961
4594,769
4597,733
4600,739
4603,827
4606,908
4610,962
4613,5
4615,737
4618,734
4621,745
4624,865
4627,956
4630,955
4633,784
4636,732
4639,739
4642,811
4645,804
4648,944
4652,910
4655,737
4658,737
4661,745
4664,865
4667,945
4670,967
4673,801
4676,737
4679,736
4682,810
4685,874
4688,969
4691,936
4695,740
4698,733
4701,741
4704,846
4707,923
4710,5
4713,741
4716,736
4719,737
4722,749
4725,877
4728,960
4731,952
4734,751
4738,733
4741,745
4744,837
4747,784
4750,908
4753,839
4756,733
4759,737
4762,748
4765,864
4768,958
4771,951
4774,749
4777,733
4781,737
4784,841
4787,912
4790,962
4793,891
4796,736
4798,735
4801,743
4804,864
4807,963
4810,5
4813,734
4816,737
4819,741
4823,823
4826,887
4829,964
4832,913
4835,733
4838,734
4841,746
4844,773
4847,901
4850,958
4853,792
4856,736
4859,739
4862,810
4866,881
4869,960
4872,921
4875,736
4878,5
4881,736
4884,848
4887,929
4890,955
4893,807
4896,737
4899,737
4902,757
4905,871
4909,964
4912,760
4915,733
4918,732
4921,742
4924,849
4927,913
4930,963
4933,863
4936,736
4939,734
4942,741
4945,754
4948,898
4952,897
4955,735
4958,733
4961,739
4964,844
4967,897
4970,957
4972,870
4975,4
4978,734
4981,744
4984,872
4987,964
4990,952
4994,766
4997,734
5000,738
5003,848
5006,917
5009,963
5012,735
5015,741
5018,734
5021,746
5024,847
5027,954
5030,961
5033,765
5037,733
5040,735
5043,754
5046,855
5049,960
5052,912
5055,732
5058,735
5061,745
5064,867
5067,958
5070,961
5073,785
5076,5
5080,736
5083,819
5086,878
5089,958
5092,919
5095,737
5098,732
5101,741
5104,858
5107,930
5110,777
5113,734
5116,736
5120,738
5123,807
5126,875
5129,963
5132,936
5135,733
5138,733
5141,738
5144,733
5146,837
5149,929
5152,844
5155,734
5158,734
5161,752
5165,869
5168,966
5171,937
5174,736
5177,733
5180,738
5183,848
5186,916
5189,965
5192,873
5195,734
5198,735
5201,748
5204,872
5208,965
5211,747
5214,734
5217,727
5220,737
5223,836
5226,906
5229,958
5232,868
5235,736
5238,732
5241,737
5244,853
5248,952
5251,959
5254,768
5257,731
5260,744
5263,834
5266,908
5269,967
5272,900
5275,5
5278,734
5281,747
5284,856
5287,956
5291,958
5294,779
5297,728
5300,740
5303,817
5306,885
5309,802
5312,804
5315,735
5318,735
5321,741
5324,865
5327,953
5330,955
5334,788
5337,738
5340,737
5343,732
5346,826
5349,957
5352,914
5355,743
5358,733
5361,741
5364,853
5366,930
5369,955
5372,791
5376,735
5379,735
5382,810
5385,886
5388,964
5391,942
5394,736
5397,734
5400,744
5403,851
5406,930
5409,753
5412,724
5415,733
5419,736
5422,741
5425,872
5428,959
5431,939
5434,733
5437,736
5440,734
5443,841
5446,909
5449,954
5452,872
5455,734
5458,737
5462,750
5465,874
5468,970
5471,955
5474,4
5477,732
5480,742
5483,844
5486,912
5489,965
5492,884
5495,734
5498,733
5501,741
5505,854
5508,805
5511,858
5514,737
5517,731
5520,741
5523,832
5526,898
5529,958
5532,900
5535,736
5538,735
5541,5
5543,846
5547,934
5550,958
5553,783
5556,736
5559,738
5562,818
5565,876
5568,962
5571,913
5574,734
5577,732
5580,747
5583,864
5586,954
5590,956
5593,797
5596,732
5599,737
5602,813
5605,877
5608,765
5611,786
5614,738
5617,731
5620,740
5623,852
5626,934
5629,951
5633,790
5636,733
5639,730
5642,754
5645,873
5648,961
5651,941
5654,740
5657,733
5660,736
5663,852
5666,913
5669,959
5672,4
5676,733
5679,734
5682,744
5685,867
5688,963
5691,944
5694,753
5697,731
5700,741
5703,826
5706,767
5709,900
5712,843
5715,733
5719,738
5722,743
5725,858
5728,960
5731,939
5734,752
5737,734
5740,5
5742,815
5745,882
5748,959
5751,901
5754,735
5757,730
5761,742
5764,848
5767,942
5770,952
5773,736
5776,735
5779,738
5782,816
5785,889
5788,968
5791,917
5794,732
5797,731
5800,742
5804,870
5807,790
5810,879
5813,739
5816,733
5819,736
5822,805
5825,876
5828,960
5831,912
5834,735
5837,730
5840,741
5843,857
5847,939
5850,956
5853,800
5856,734
5859,737
5862,805
5865,868
5868,955
5871,5
5874,731
5877,735
5880,739
5883,850
5886,906
5890,963
5893,872
5896,729
5899,731
5902,746
5905,768
5908,911
5911,916
5914,738
5917,731
5920,740
5923,840
5926,905
5929,953
5932,875
5935,734
5938,731
5941,740
5944,848
5947,965
5950,953
5953,752
5956,729
5959,737
5962,826
5965,879
5968,5
5971,751
5975,735
5978,735
5981,741
5984,858
5987,951
5990,952
5993,773
5996,731
5999,737
6002,821
6005,770
6008,902
6011,862
6014,734
6018,733
6021,739
6024,863
6027,937
6030,950
6033,774
6036,730
6039,735
6042,813
6045,888
6048,956
6051,920
6054,734
6057,735
6061,738
6064,857
6067,933
6070,5
6073,732
6076,734
6079,735
6082,757
6085,869
6088,962
6091,936
6094,736
6097,733
6100,742
6104,820
6106,891
6109,957
6112,865
6115,736
6118,731
6121,758
6124,871
6127,967
6130,947
6133,749
6136,734
6139,740
6142,847
6146,910
6149,967
6152,880
6155,733
6158,737
6161,742
6164,864
6167,738
6170,814
6173,739
6176,732
6179,745
6182,843
6185,905
6189,963
6192,891
6195,739
6198,738
6201,4
6204,793
6207,920
6210,946
6213,765
6216,732
6219,747
6222,833
6225,889
6228,969
6232,905
6235,739
6238,736
6241,751
6244,872
6247,968
6250,959
6253,787
6256,741
6259,741
6262,830
6265,898
6268,746
6272,767
6275,736
6278,741
6281,740
6284,866
6287,954
6290,969
6293,788
6296,740
6299,4
6301,811
6304,888
6307,971
6310,954
6313,744
6317,738
6320,746
6323,864
6326,949
6329,961
6332,4
6335,739
6338,740
6341,752
6344,881
6347,968
6350,957
6353,755
6356,734
6360,746
6363,846
6366,779
6369,924
6372,859
6375,737
6378,744
6381,754
6384,863
6387,970
6390,958
6393,769
6396,734
6400,5
6403,818
6406,888
6409,961
6412,908
6415,736
6418,736
6421,739
6424,861
6427,954
6430,960
6433,741
6436,738
6439,739
6443,826
6446,896
6449,967
6452,920
6454,736
6457,738
6460,745
6463,879
6466,807
6469,873
6472,739
6475,733
6478,740
6481,816
6484,890
6488,960
6491,913
6494,737
6497,730
6500,743
6503,863
6506,960
6509,956
6512,801
6515,740
6518,739
6521,818
6524,881
6528,967
6531,4
6534,737
6537,735
6540,745
6543,851
6546,928
6549,958
6552,859
6555,736
6558,740
6561,747
6564,792
6567,922
6571,927
6574,738
6577,733
6580,743
6583,841
6586,908
6589,958
6592,875
6595,733
6598,735
6601,745
6604,853
6607,964
6610,944
6614,745
6617,732
6620,741
6623,832
6626,895
6629,744
6632,752
6635,734
6638,730
6641,743
6644,861
6647,968
6650,949
6653,756
6657,733
6660,740
6663,4
6665,813
6668,935
6671,875
6674,736
6677,731
6680,740
6683,846
6686,937
6689,949
6692,767
6695,732
6699,737
6702,816
6705,890
6708,962
6711,917
6714,732
6717,732
6720,741
6723,867
6726,954
6729,746
6732,731
6735,743
6738,731
6742,802
6745,872
6748,953
6751,913
6754,733
6757,730
6760,733
6763,845
6766,926
6769,953
6772,789
6775,733
6778,733
6781,798
6785,871
6788,963
6791,928
6794,5
6797,731
6800,736
6803,840
6806,909
6809,952
6812,860
6815,732
6818,734
6821,741
6824,861
6828,840
6831,870
6834,734
6837,737
6840,737
6843,838
6845,905
6848,966
6851,886
6854,735
6857,734
6860,741
6863,850
6866,956
6870,956
6873,758
6876,733
6879,736
6882,831
6885,885
6888,965
6891,733
6894,735
6897,733
6900,746
6903,863
6906,959
6909,954
6913,766
6916,730
6919,742
6922,822
6925,5
6928,859
6931,834
6934,732
6937,731
6940,741
6943,865
6946,944
6949,955
6952,778
6956,733
6959,736
6962,818
6965,886
6968,963
6971,922
6974,733
6977,735
6980,737
6983,866
6986,950
6989,958
6992,731
6995,735
6999,733
7002,813
7005,873
7008,972
7011,932
7014,736
7017,734
7020,739
7023,745
7026,864
7029,948
7032,807
7035,732
7038,736
7042,760
7045,882
7048,967
7051,949
7054,742
7057,4
7059,736
7062,836
7065,900
7068,964
7071,880
7074,734
7077,739
7080,748
7084,861
7087,966
7090,766
7093,736
7096,735
7099,737
7102,837
7105,904
7108,959
7111,888
7114,740
7117,734
7120,749
7123,758
7127,893
7130,920
7133,737
7136,733
7139,737
7142,830
7145,887
7148,961
7151,887
7154,732
7157,735
7160,744
7163,863
7166,958
7170,952
7173,768
7176,732
7179,740
7182,832
7185,899
7188,4
7191,765
7194,735
7197,731
7200,744
7203,860
7206,954
7209,959
7213,776
7216,735
7219,736
7222,809
7225,878
7228,962
7231,939
7234,733
7236,735
7239,742
7242,860
7245,937
7248,958
7251,808
7255,735
7258,735
7261,754
7264,874
7267,964
7270,941
7273,738
7276,730
7279,740
7282,849
7285,771
7288,895
7291,827
7294,737
7298,740
7301,746
7304,874
7307,959
7310,950
7313,752
7316,737
7319,734
7322,837
7325,896
7328,957
7331,875
7334,736
7337,736
7341,745
7344,857
7347,963
7350,5
7353,737
7356,730
7359,737
7362,834
7365,900
7368,961
7371,895
7374,734
7377,736
7380,749
7384,5
7387,825
7390,882
7393,742
7396,734
7399,736
7402,813
7405,875
7408,965
7410,906
7413,735
7416,731
7419,745
7422,870
7426,959
7429,953
7432,787
7435,738
7438,732
7441,809
7444,879
7447,967
7450,742
7453,736
7456,733
7459,736
7462,859
7465,939
7469,957
7472,792
7475,741
7478,736
7481,779
7484,850
7487,962
7490,938
7493,737
7496,734
7499,740
7502,855
7505,922
7508,957
7512,853
7515,4
7518,732
7521,746
7524,868
7527,965
7530,951
7533,744
7536,735
7539,736
7542,842
7545,904
7548,835
7552,789
7555,736
7558,735
7561,749
7564,875
7567,963
7570,953
7573,747
7576,732
7579,738
7582,803
7585,869
7588,953
7591,886
7595,736
7598,735
7601,747
7604,855
7607,954
7610,956
7613,735
7616,732
7619,737
7622,831
7625,900
7627,965
7630,905
7633,735
7636,737
7640,741
7643,864
7646,754
7649,836
7652,738
7655,736
7658,735
7661,822
7664,893
7667,963
7670,908
7673,733
7676,731
7680,744
7683,865
7686,959
7689,966
7692,794
7695,735
7698,738
7701,827
7704,885
7707,960
7710,4
7713,739
7716,729
7719,736
7723,857
7726,924
7729,959
7732,801
7735,742
7738,736
7741,752
7744,804
7747,938
7750,931
7753,734
7756,732
7759,742
7762,848
7766,915
7769,956
7772,871
7775,733
7778,736
7781,746
7784,861
7787,958
7790,943
7793,739
7796,732
7799,741
7802,835
7805,901
7809,774
7812,749
7815,732
7818,736
7821,735
7824,872
7827,964
7830,958
7833,756
7836,732
7839,734
7842,740
7844,840
7847,959
7851,884
7854,733
7857,734
7860,747
7863,847
7866,946
7869,946
7872,732
7875,733
7878,737
7881,838
7884,906
7887,961
7890,901
7894,738
7897,733
7900,742
7903,860
7906,5
7909,810
7912,731
7915,738
7918,738
7921,824
7924,889
7927,961
7930,908
7933,737
7937,734
7940,741
7943,868
7946,963
7949,959
7952,794
7955,738
7958,735
7961,817
7964,898
7967,963
7970,937
7973,732
7976,734
7980,743
7983,857
7986,933
7989,958
7992,805
7995,734
7998,740
8001,753
8004,787
8007,928
8010,925
8013,741
8016,731
8019,742
8023,856
8026,929
8029,960
8032,876
8035,734
8038,734
8041,744
8044,871
8047,967
8050,947
8053,742
8056,734
8059,736
8062,838
8065,911
8068,753
8071,749
8074,737
8077,733
8080,745
8083,869
8086,972
8089,955
8092,759
8095,734
8098,738
8101,745
8104,833
8108,949
8111,875
8114,735
8117,733
8120,747
8123,863
8126,956
8129,955
8132,5
8135,734
8138,738
8141,835
8144,903
8147,959
8151,910
8154,734
8157,736
8160,747
8163,878
8166,4
8169,798
8172,734
8175,737
8178,734
8181,815
8184,890
8187,963
8190,919
8194,734
8197,733
8200,739
8203,863
8206,945
8209,957
8212,799
8215,736
8218,735
8221,814
8224,877
8227,970
8230,949
8233,738
8237,735
8239,739
8242,853
8245,923
8248,958
8251,857
8254,736
8257,738
8260,754
8263,766
8266,914
8269,925
8272,735
8275,732
8279,742
8282,848
8285,917
8288,960
8291,875
8294,736
8297,733
8300,751
8303,864
8306,962
8309,956
8312,748
8315,746
8318,740
8322,832
8325,900
8328,742
8331,754
8334,735
8337,734
8340,746
8343,863
8346,971
8349,961
8352,762
8355,729
8358,736
8361,4
8365,817
8368,944
8371,887
8374,733
8377,732
8380,745
8383,848
8386,945
8389,961
8392,773
8395,735
8398,738
8401,827
8404,902
8408,955
8411,914
8414,734
8417,733
8420,744
8423,872
8426,5
8428,779
8431,733
8434,738
8437,733
8440,810
8443,872
8446,965
8450,920
8453,737
8456,732
8459,744
8462,851
8465,938
8468,958
8471,809
8474,732
8477,736
8480,755
8483,875
8486,967
8489,947
8493,733
8496,731
8499,738
8502,848
8505,914
8508,954
8511,859
8514,733
8517,731
8520,745
8523,749
8526,906
8529,913
8532,738
8536,732
8539,738
8542,842
8545,912
8548,966
8551,879
8554,731
8557,731
8560,740
8563,859
8566,960
8569,952
8572,755
8576,735
8579,738
8582,830
8585,900
8588,4
8591,757
8594,731
8597,736
8600,742
8603,860
8606,949
8609,952
8612,767
8615,734
8619,740
8622,4
8624,809
8627,936
8630,898
8633,738
8636,731
8639,740
8642,864
8645,942
8648,959
8651,788
8654,732
8657,736
8660,821
8664,891
8667,964
8670,938
8673,739
8676,738
8679,743
8682,860
8685,946
8688,772
8691,733
8694,735
8697,736
8700,829
8704,873
8707,957
8710,925
8713,738
8716,731
8719,741
8722,840
8725,922
8728,957
8731,860
8734,734
8737,739
8740,747
8743,881
8747,966
8750,952
8753,738
8756,739
8759,743
8762,852
8765,918
8768,963
8771,873
8774,735
8777,735
8780,751
8783,767
8786,916
8790,928
8793,741
8796,737
8799,738
8802,841
8805,909
8808,963
8811,886
8814,735
8817,733
8820,745
8823,867
8826,968
8829,964
8833,762
8836,733
8839,740
8842,832
8845,901
8847,744
8850,760
8853,739
8856,733
8859,746
8862,866
8865,957
8868,955
8871,765
8875,733
8878,737
8881,5
8884,817
8887,940
8890,898
8893,736
8896,734
8899,742
8902,860
8905,944
8908,956
8911,4
8914,738
8918,742
8921,814
8924,886
8927,967
8930,937
8933,737
8936,737
8939,739
8942,859
8945,4
8948,834
8951,778
8954,734
8957,735
8961,747
8964,864
8967,972
8970,947
8973,741
8976,736
8978,737
8981,838
8984,913
8987,959
8990,881
8993,734
8996,734
8999,745
9003,875
9006,966
9009,950
9012,735
9015,731
9018,739
9021,843
9024,916
9027,961
9030,888
9033,737
9036,732
9039,748
9042,783
9046,915
9049,942
9052,760
9055,732
9058,738
9061,836
9064,904
9067,966
9070,909
9073,737
9076,733
9079,744
9082,859
9085,966
9089,964
9092,774
9095,730
9098,737
9101,812
9104,890
9107,821
9110,820
9113,736
9116,734
9119,744
9122,872
9125,956
9128,961
9132,786
9135,734
9138,738
9141,810
9144,870
9147,959
9150,923
9153,734
9156,735
9159,741
9162,859
9165,947
9168,959
9171,738
9175,734
9178,739
9181,811
9184,890
9187,963
9190,937
9193,738
9196,735
9199,737
9202,857
9205,766
9208,886
9211,753
9214,736
9218,734
9221,748
9224,872
9227,961
9230,929
9233,734
9236,732
9238,743
9241,847
9244,924
9247,960
9250,867
9253,732
9256,735
9260,749
9263,870
9266,963
9269,740
9272,737
9275,735
9278,736
9281,839
9284,901
9287,958
9290,868
9293,736
9296,735
9299,739
9303,853
9306,959
9309,954
9312,745
9315,730
9318,736
9321,840
9324,917
9327,958
9330,895
9333,732
9336,733
9339,743
9342,867
9346,957
9349,956
9352,764
9355,733
9358,736
9361,827
9364,732
9367,895
9370,855
9373,734
9376,734
9379,741
9382,852
9385,956
9389,951
9392,772
9395,730
9398,731
9401,815
9404,884
9407,954
9410,908
9413,730
9416,733
9419,739
9422,861
9425,952
9428,733
9432,737
9435,738
9438,735
9441,816
9444,891
9447,963
9450,922
9453,734
9456,732
9459,743
9462,5
9464,839
9467,928
9470,776
9474,736
9477,734
9480,749
9483,868
9486,964
9489,932
9492,5
9495,730
9498,741
9501,846
9504,914
9507,954
9510,869
9513,735
9517,731
9520,745
9523,869
9526,4
9529,771
9532,736
9535,732
9538,734
9541,832
9544,899
9547,965
9550,889
9553,735
9556,734
9560,739
9563,859
9566,961
9569,960
9572,766
9575,732
9578,732
9581,824
9584,899
9587,966
9590,4
9592,737
9595,731
9598,739
9602,866
9605,955
9608,962
9611,788
9614,734
9617,737
9620,815
9623,805
9626,946
9629,923
9632,735
9635,733
9638,739
9641,851
9645,939
9648,962
9651,805
9654,733
9657,734
9660,807
9663,874
9666,961
9669,941
9672,740
9675,729
9678,740
9681,847
9684,916
9688,804
9691,754
9694,737
9697,735
9700,747
9703,874
9706,966
9709,944
9712,749
9715,733
9718,746
9721,817
9724,882
9728,966
9731,870
9734,737
9737,734
9740,746
9743,864
9746,965
9749,951
9752,738
9755,733
9758,741
9761,845
9764,910
9767,966
9771,889
9774,733
9777,734
9780,746
9783,870
9786,828
9789,866
9792,731
9795,733
9798,736
9801,835
9804,910
9807,961
9810,889
9814,735
9817,731
9820,739
9823,866
9826,964
9829,954
9832,771
9835,733
9838,743
9841,826
9844,904
9846,966
9849,743
9852,730
9856,738
9859,740
9862,856
9865,944
9868,952
9871,765
9874,736
9877,734
9880,812
9883,881
9886,968
9889,924
9892,736
9895,735
9899,750
9902,868
9905,957
9908,951
9911,790
9914,736
9917,735
9920,821
9923,888
9926,961
9929,923
9932,735
9935,733
9938,737
9942,858
9945,796
9948,904
9951,757
9954,734
9957,737
9960,807
9963,879
9966,967
9969,943
9972,741
9975,733
9978,740
9981,847
9985,921
9988,954
9991,857
9994,736
9997,734
10000,752
10003,869
10006,964
10010,745
10013,733
10016,735
10019,750
10023,885
10027,968
10030,926
10033,739
10037,732
10040,744
10043,766
10046,921
10049,898
10053,733
10056,735
10059,746
10062,876
10066,954
10070,924
10073,733
10076,733
10080,745
10083,886
10086,960
10089,942
10093,739
10096,732
10099,745
10102,874
10106,5
10109,773
10113,735
10116,733
10119,742
10123,873
10126,968
10129,951
10132,738
10135,733
10139,742
10142,863
10145,970
10148,947
10152,741
10156,734
10159,742
10162,866
10166,966
10169,957
10172,736
10175,731
10179,742
10182,874
10185,969
10188,953
10192,748
10195,731
10199,739
10202,748
10205,894
10209,940
10212,743
10215,732
10218,741
10222,870
10225,964
10228,950
10231,750
10235,4
10238,735
10242,861
10245,960
10248,958
10252,764
10255,732
10258,742
10261,854
10265,951
10268,811
10271,734
10274,734
10278,738
10281,853
10285,949
10288,957
10291,782
10295,733
10298,737
10301,767
10304,872
10308,959
10311,775
10314,735
10317,740
10321,840
10324,922
10328,961
10331,731
10335,732
10338,738
10341,849
10344,925
10347,966
10351,795
10354,739
10357,737
10360,843
10364,5
10368,869
10371,741
10374,741
10377,738
10381,827
10384,906
10387,961
10390,804
10394,738
10397,738
10400,828
10403,918
10407,961
10411,872
10414,732
10417,735
10421,827
10424,915
10427,955
10430,735
10434,738
10437,739
10440,828
10443,903
10446,964
10450,878
10454,733
10457,733
10460,794
10464,872
10467,964
10470,894
10473,738
10477,734
10480,820
10483,903
10486,964
10490,894
10493,5
10497,737
10500,753
10503,881
10507,962
10510,910
10513,735
10516,734
10520,750
10523,882
10526,880
10529,867
10532,734
10536,733
10540,755
10543,892
10546,966
10550,926
10553,733
10556,734
10559,744
10563,881
10566,963
10569,935
10572,736
10576,736
10579,743
10583,872
10586,964
10589,743
10593,738
10596,736
10599,746
10602,878
10606,966
10609,945
10612,740
10615,732
10619,749
10622,739
10626,899
10629,889
10633,736
10636,735
10639,742
10642,867
10646,963
10649,942
10652,5
10655,732
10658,745
10662,882
10665,964
10669,957
10672,742
10675,734
10679,748
10682,881
10685,5
10688,767
10692,732
10695,736
10698,747
10701,868
10704,961
10708,955
10712,742
10715,733
10718,742
10722,866
10725,960
10728,954
10731,755
10735,732
10738,746
10741,867
10744,960
10748,958
10752,733
10755,735
10758,742
10761,865
10765,963
10768,959
10771,767
10774,735
10778,744
10781,5
10784,864
10787,954
10790,782
10795,745
10798,738
10801,852
10804,947
10808,962
10811,786
10814,4
10817,734
10820,830
10824,920
10827,962
10830,796
10833,734
10838,737
10841,834
10844,908
10847,800
10851,733
10854,735
10857,736
10860,833
10864,916
10867,964
10870,816
10873,728
10876,736
10881,801
10884,892
10887,961
10890,868
10894,736
10897,743
10900,815
10903,888
10907,963
10910,736
10913,736
10916,740
10920,825
10924,900
10927,963
10930,879
10934,736
10937,741
10940,808
10943,5
10946,882
10950,835
10953,737
10956,734
10959,804
10962,884
10967,960
10970,886
10973,734
10976,734
10980,806
10983,903
10986,962
10989,918
10993,735
10996,733
10999,756
11002,886
11006,960
11010,747
11013,739
11016,733
11020,746
11023,884
11026,965
11029,910
11032,737
11036,733
11039,743
11042,872
11045,964
11049,932
11053,735
11056,733
11059,744
11063,886
11066,960
11069,937
11072,732
11076,734
11079,745
11082,882
11085,960
11088,931
11092,737
11096,733
11099,744
11102,4
11106,900
11109,909
11112,737
11115,736
11118,743
11122,868
11125,959
11128,952
11131,739
11136,5
11139,745
11142,870
11145,963
11148,946
11152,741
11155,732
11158,741
11161,860
11165,963
11168,764
11171,734
11174,733
11179,739
11182,864
11185,965
11188,952
11192,756
11195,733
11198,745
11201,770
11204,900
11208,940
11211,747
11214,734
11217,740
11222,862
11225,960
11228,953
11231,736
11235,731
11238,740
11241,870
11244,962
11248,956
11251,762
11254,738
11257,741
11260,856
11265,734
11268,857
11271,740
11274,732
11278,741
11281,851
11284,941
11287,956
11291,755
11294,5
11297,739
11300,848
11303,944
11308,958
11311,793
11314,741
11317,738
11321,840
11324,930
11327,5
11330,737
11333,736
11337,736
11340,830
11343,907
11346,956
11351,800
11354,733
11357,737
11360,818
11364,905
11367,960
11370,866
11373,739
11376,736
11380,826
11383,903
11386,966
11389,879
11394,734
11397,736
11400,822
11403,906
11407,962
11410,876
11413,734
11416,734
11420,818
11423,744
11426,917
11429,858
11433,736
11437,739
11440,819
11443,901
11446,964
11450,894
11453,739
11456,5
11459,817
11462,884
11466,956
11469,908
11472,737
11475,735
11480,753
11483,879
11486,963
11489,752
11493,734
11496,735
11499,752
11502,874
11506,965
11509,926
11512,734
11515,736
11520,752
11523,796
11526,943
11529,902
11532,735
11536,733
11539,747
11542,878
11545,960
11549,926
11552,734
11555,734
11558,745
11563,892
11566,964
11569,940
11572,739
11576,735
11579,743
11582,866
11585,791
11588,818
11592,737
11595,734
11598,744
11601,874
11606,972
11609,939
11612,734
11615,734
11619,738
11622,879
11625,964
11628,955
11632,735
11635,733
11638,743
11641,873
11645,964
11649,737
11652,733
11655,736
11658,741
11662,862
11665,963
11668,952
11671,736
11675,733
11678,5
11681,865
11684,959
11687,953
11692,756
11695,732
11698,739
11701,870
11705,961
11708,964
11711,4
11714,733
11717,739
11721,862
11724,961
11727,960
11730,767
11735,733
11738,738
11741,858
11744,819
11748,904
11751,742
11754,732
11757,739
11761,859
11764,955
11767,954
11770,774
11773,732
11778,734
11781,837
11784,932
11787,959
11791,775
11794,737
11797,745
11800,839
11804,925
11807,750
11810,739
11813,734
11817,740
11821,842
11824,922
11827,954
11830,788
11834,734
11837,734
11840,745
11843,847
11847,956
11850,790
11853,732
11856,741
11860,830
11864,910
11867,957
11870,5
11873,733
11877,739
11880,838
11883,911
11886,958
11890,865
11893,737
11896,733
11899,825
11904,4
11907,866
11910,805
11913,735
11916,736
11920,815
11923,889
11926,964
11929,879
11933,737
11936,736
11939,815
11942,907
11945,962
11950,894
11953,735
11956,735
11959,808
11963,888
11966,957
11969,738
11972,732
11976,734
11979,811
11982,879
11985,964
11990,906
11993,735
11996,733
11999,751
12002,878
12006,958
12009,920
12012,731
12015,738
12019,746
12022,891
12025,962
12028,923
12033,731
12036,737
12039,753
12042,880
12046,970
12049,929
12052,732
12055,732
12059,747
12062,749
12065,920
12068,911
12071,733
12076,736
12079,746
12082,881
12085,961
12089,937
12092,741
12095,732
12098,744
12102,871
12105,961
12108,940
12111,734
12115,734
12119,747
12122,865
12125,4
12128,783
12132,735
12135,731
12138,741
12141,867
12145,964
12148,956
12151,740
12154,735
12157,5
12162,825
12165,948
12168,947
12171,741
12175,733
12178,742
12181,867
12184,967
12187,954
12191,734
12194,733
12197,742
12200,870
12205,968
12208,958
12211,761
12214,733
12218,743
12221,867
12224,800
12227,878
12231,738
12234,731
12237,743
12240,866
12243,955
12248,960
12251,758
12254,734
12257,743
12261,866
12264,960
12267,967
12270,773
12274,741
12277,733
12280,851
12283,960
12288,735
12291,737
12294,733
12297,738
12301,854
12304,941
12307,966
12310,769
12313,730
12317,5
12320,840
12323,923
12326,961
12329,801
12334,730
12337,737
12340,840
12343,924
12347,965
12350,5
12353,734
12356,740
12359,834
12363,912
12366,963
12369,814
12372,737
12377,735
12380,826
12383,804
12386,952
12390,859
12393,738
12396,735
12399,826
12403,905
12406,969
12409,880
12412,736
12416,736
12420,828
12423,904
12426,960
12429,880
12433,734
12436,736
12439,816
12442,892
12446,778
12449,762
12452,736
12455,736
12460,811
12463,894
12466,965
12469,898
12473,734
12476,736
12479,795
12482,871
12485,960
12489,898
12492,734
12495,735
12498,806
12503,878
12506,962
12509,737
12512,733
12516,738
12519,757
12522,886
12525,968
12529,914
12532,736
12535,738
12538,749
12542,4
12546,898
12549,877
12552,735
12555,733
12559,746
12562,874
12565,966
12568,928
12571,736
12575,735
12578,748
12581,887
12584,965
12589,943
12592,735
12595,731
12598,741
12602,876
12605,5
12608,757
12611,739
12614,734
12618,742
12621,866
12624,959
12627,944
12632,736
12635,734
12638,744
12641,863
12645,966
12648,955
12651,744
12654,737
12657,738
12661,878
12664,969
12667,962
12670,736
12675,736
12678,740
12681,877
12684,948
12688,954
12691,738
12694,735
12697,740
12701,760
12704,912
12707,952
12710,743
12715,736
12718,741
12721,873
12724,964
12727,957
12731,763
12734,734
12737,740
12740,871
12744,974
12747,960
12750,758
12753,735
12758,740
12761,858
12764,721
12767,856
12771,734
12774,736
12777,742
12780,862
12784,962
12787,950
12790,767
12793,733
12796,5
12801,833
12804,918
12807,956
12810,779
12813,732
12817,736
12820,838
12823,922
12826,961
12830,737
12833,731
12836,739
12839,840
12844,928
12847,959
12850,790
12853,736
12857,742
12860,837
12863,802
12866,931
12870,781
12873,737
12876,736
12879,838
12882,914
12887,961
12890,799
12893,739
12896,739
12900,839
12903,926
12906,964
12909,816
12913,737
12916,737
12919,835
12922,923
12926,765
12930,737
12933,734
12936,740
12939,819
12943,900
12946,965
12949,857
12952,734
12956,736
12959,819
12962,903
12965,964
12969,885
12973,740
12976,734
12979,828
12983,910
12986,962
12989,711
12992,732
12996,734
12999,831
13002,905
13005,963
13008,888
13012,735
13016,736
13019,5
13022,824
13025,970
13029,920
13032,738
13035,735
13038,753
13042,900
13045,961
13048,916
13051,736
13056,735
13059,751
13062,876
13065,966
13069,923
13072,736
13075,738
13078,747
13082,875
13085,822
13088,835
13091,736
13094,734
13099,754
13102,881
13105,958
13108,925
13112,737
13115,735
13118,742
13121,864
13125,964
13128,941
13131,735
13134,737
13138,740
13142,859
13145,964
13148,743
13152,735
13155,733
13158,746
13161,875
13164,968
13168,944
13171,736
13174,732
13177,746
13181,5
13185,880
13188,896
13191,740
13194,730
13198,746
13201,866
13204,964
13207,950
13211,739
13214,734
13217,740
13220,878
13224,967
13228,956
13231,750
13234,733
13238,739
13241,877
13244,968
13247,771
13250,735
13254,735
13257,741
13260,868
13263,970
13267,958
13271,745
13274,731
13277,742
13281,867
13284,964
13287,962
13290,760
13294,737
13297,740
13300,868
13303,970
13306,960
13310,735
13314,733
13317,741
13320,866
13324,958
13327,957
13330,755
13333,731
13337,739
13340,746
13343,882
13346,960
13350,771
13353,734
13357,742
13360,859
13364,953
13367,956
13370,779
13373,5
13376,738
13380,840
13383,919
13386,958
13389,787
13393,732
13396,736
13400,839
13403,911
13406,851
13410,732
13413,736
13416,736
13419,836
13423,920
13426,960
13429,807
13432,737
13436,5
13440,817
13443,888
13446,960
13449,863
13453,737
13456,739
13459,827
13462,893
13466,964
13469,738
13472,737
13475,736
13479,825
13483,908
13486,961
13489,883
13492,734
13496,737
13499,815
13502,763
13505,915
13509,845
13512,737
13515,734
13518,812
13522,893
13526,962
13529,879
13532,732
13536,732
13539,818
13542,905
13545,966
13548,900
13552,734
13555,738
13558,812
13561,887
13565,741
13569,756
13572,734
13575,731
13579,750
13582,886
13585,957
13588,897
13592,733
13595,5
13598,745
13601,880
13604,964
13608,931
13612,734
13615,731
13618,745
13622,878
13625,965
13628,4
13631,733
13634,733
13638,742
13641,870
13644,965
13647,944
13651,734
13655,733
13658,742
13661,792
13664,940
13668,943
13671,733
13674,734
13677,745
13681,870
13684,962
13687,954
13690,744
13694,733
13698,734
13701,866
13704,963
13708,958
13711,737
13714,735
13717,738
13720,858
13724,787
13727,853
13730,735
13733,738
13737,741
13741,873
13744,962
13747,954
13751,747
13754,733
13757,736
13760,863
13764,965
13767,958
13770,744
13773,735
13777,739
13780,853
13784,960
13787,4
13790,737
13794,733
13797,737
13800,853
13803,952
13807,959
13810,762
13813,733
13816,736
13819,5
13824,841
13827,930
13830,753
13833,730
13836,738
13840,845
13843,930
13846,959
13849,780
13853,731
13856,739
13859,852
13862,932
13867,966
13870,793
13873,732
13876,738
13880,836
13883,918
13886,801
13889,729
13893,737
13896,737
13899,837
13902,915
13905,961
13910,795
13913,732
13916,740
13919,836
13923,920
13926,964
13929,807
13932,733
13936,739
13939,828
13942,921
13945,963
13949,726
13953,735
13956,736
13959,828
13962,907
13966,965
13969,860
13972,734
13975,736
13979,801
13982,888
13985,961
13988,881
13992,737
13996,733
13999,826
14002,899
14006,962
14009,880
14012,735
14015,736
14019,817
14022,905
14025,968
14028,885
14031,737
14035,737
14039,818
14042,742
14045,921
14049,866
14052,736
14055,736
14058,812
14062,904
14065,963
14068,907
14071,732
14075,733
14078,797
14082,881
14085,966
14089,910
14092,738
14095,733
14098,750
14101,885
14105,5
14108,764
14111,735
14114,734
14117,746
14121,880
14125,965
14128,937
14131,733
14135,736
14138,5
14141,801
14144,945
14147,925
14151,734
14154,732
14157,749
14160,869
14164,961
14168,942
14171,738
14174,735
14178,742
14181,875
14184,964
14187,956
14191,737
14194,733
14197,748
14200,870
14203,828
14208,865
14211,737
14214,733
14217,743
14221,866
14224,961
14227,950
14230,737
14234,736
14237,743
14240,886
14243,968
14247,951
14251,744
14254,731
14257,740
14261,879
14264,965
14267,747
14270,736
14273,738
14277,745
14280,869
14283,965
14286,955
14290,746
14294,733
14297,735
14300,862
14304,962
14307,959
14310,756
14313,732
14317,741
14320,865
14323,969
14326,957
14329,735
14333,732
14337,744
14340,862
14343,962
14347,963
14350,765
14353,734
14356,740
14360,5
14363,863
14366,957
14369,782
14372,731
14376,738
14380,853
14383,941
14386,953
14390,783
14393,5
14396,737
14399,834
14402,922
14406,960
14409,787
14412,737
14415,739
14419,836
14423,912
14426,846
14429,735
14433,737
14436,738
14439,838
14442,911
14445,957
14449,814
14452,737
14455,742
14458,817
14462,886
14466,957
14469,857
14472,737
14476,736
14479,823
14482,892
14485,963
14489,740
14492,736
14495,734
14498,826
14502,898
14505,966
14509,886
14512,737
14515,738
14519,834
14522,774
14525,923
14528,854
14532,734
14535,738
14538,814
14541,890
14545,957
14548,883
14552,735
14555,734
14559,820
14562,896
14565,965
14568,903
14571,737
14575,733
14578,819
14581,893
14584,756
14588,760
14592,736
14595,736
14598,805
14602,885
14605,966
14608,898
14611,733
14615,731
14618,750
14621,894
14624,966
14628,918
14631,740
14635,734
14638,753
14641,884
14645,963
14648,4
14651,734
14654,734
14657,745
14661,877
14664,963
14667,934
14670,737
14674,738
14678,744
14681,814
14684,953
14688,939
14691,736
14694,734
14697,745
14701,867
14704,963
14707,949
14710,4
14713,737
14717,744
14721,860
14724,966
14727,945
14731,741
14734,733
14737,742
14740,859
14743,840
14747,883
14750,738
14753,732
14756,739
14760,875
14764,965
14767,951
14770,741
14774,731
14777,739
14780,864
14783,967
14787,955
14790,749
14793,735
14796,736
14800,860
14803,961
14807,746
14810,736
14813,733
14817,746
14820,861
14823,961
14826,965
14830,764
14833,732
14836,739
14839,756
14843,878
14846,942
14850,747
14853,734
14857,738
14860,857
14863,938
14866,963
14870,736
14873,736
14876,739
14879,859
14882,959
14886,967
14889,772
14893,732
14896,737
14900,854
14903,749
14906,855
14909,735
14913,733
14916,739
14919,849
14922,924
14926,956
14929,772
14932,5
14936,739
14939,840
14943,926
14946,960
14949,798
14952,739
14956,741
14959,839
14962,923
14965,4
14968,732
14972,734
14976,737
14979,827
14982,907
14985,965
14989,862
14992,737
14995,738
14998,818
15002,898
15005,964
15008,878
15011,739
15015,736
15019,824
15022,901
15025,958
15029,878
15032,734
15035,736
15038,821
15042,903
15045,962
15048,888
15051,732
15054,736
15058,814
15062,801
15065,951
15068,888
15072,737
15075,735
15078,816
15081,895
15085,961
15088,902
15091,735
15094,734
15098,806
15101,891
15105,960
15108,906
15112,735
15115,734
15118,748
15121,879
15124,770
15128,787
15131,735
15134,736
15137,751
15141,881
15144,963
15148,922
15151,738
15155,733
15158,742
15161,863
15164,967
15168,922
15171,739
15174,736
15177,750
15180,875
15184,966
15187,736
15191,736
15194,732
15198,750
15201,881
15204,970
15207,939
15211,737
15214,733
15217,748
15220,734
15224,902
15227,887
15230,736
15234,734
15238,740
15241,870
15244,961
15247,939
15250,4
15254,734
15257,744
15260,875
15263,963
15266,957
15270,739
15273,737
15277,742
15280,871
15284,5
15287,783
15290,736
15293,736
15296,739
15300,878
15303,961
15306,960
15309,743
15313,730
15316,744
15320,867
15323,961
15327,957
15330,757
15333,733
15336,740
15340,873
15343,963
15346,957
15349,735
15352,734
15356,739
15360,867
15363,957
15366,952
15370,761
15373,733
15376,737
15379,822
15383,938
15386,962
15389,779
15392,730
15396,744
15399,859
15403,957
15406,959
15410,773
15413,734
15416,740
15419,849
15422,944
15426,965
15429,778
15432,731
15435,737
15439,848
15442,789
15446,904
15449,752
15453,731
15456,737
15459,842
15462,931
15466,960
15469,791
15472,735
15475,736
15479,828
15482,910
15485,957
15489,780
15492,734
15496,737
15499,835
15502,914
15505,745
15509,734
15512,735
15515,735
15518,841
15522,919
15525,957
15528,810
15532,731
15536,734
15539,746
15542,856
15545,954
15548,811
15552,738
15555,734
15558,831
15561,897
15565,960
15568,736
15571,736
15575,736
15579,826
15582,908
15585,964
15588,873
15592,734
15595,736
15598,819
15601,726
15605,900
15608,826
15611,736
15614,737
15618,813
15622,887
15625,964
15628,877
15631,5
15635,737
15638,808
15641,898
15644,967
15647,908
15651,740
15654,732
15657,754
15661,888
15665,4
15668,752
15671,734
15674,736
15677,746
15681,878
15684,964
15687,915
15690,744
15694,735
15697,745
15700,869
15704,966
15708,936
15711,737
15714,732
15717,743
15721,870
15724,961
15727,4
15730,736
15733,732
15737,742
15740,874
15744,963
15747,947
15750,735
15754,735
15757,742
15760,787
15763,932
15767,947
15770,740
15773,736
15776,738
15780,863
15783,965
15787,957
15790,745
15794,732
15797,741
15800,860
15803,961
15807,954
15810,737
15813,733
15816,743
15819,872
15823,822
15826,883
15830,738
15833,734
15837,744
15840,879
15843,966
15846,961
15850,754
15853,731
15856,735
15859,863
15863,968
15866,960
15869,751
15873,732
15876,737
15880,856
15883,960
15886,753
15889,737
15893,730
15896,740
15899,867
15902,967
15906,957
15909,764
15912,738
15916,738
15920,750
15923,882
15926,944
15929,763
15933,732
15936,743
15939,854
15942,934
15945,953
15949,736
15952,732
15955,739
15959,854
15963,952
15966,958
15969,778
15972,731
15976,738
15979,850
15982,753
15985,869
15989,736
15992,735
15995,739
15998,842
16003,926
16006,958
16009,776
16012,734
16015,736
16019,845
16022,932
16025,954
16028,794
16032,736
16035,734
16038,839
16041,924
16046,712
16049,733
16052,736
16055,738
16059,832
16062,921
16065,954
16068,795
16071,734
16075,5
16078,819
16081,900
16084,953
16089,878
16092,735
16095,739
16098,821
16101,907
16105,964
16108,5
16111,733
16114,734
16117,811
16121,890
16124,963
16128,891
16131,735
16135,734
16138,812
16141,822
16144,965
16148,907
16151,733
16154,731
16157,808
16161,886
16164,964
16167,913
16171,5
16174,730
16178,749
16181,882
16184,968
16187,923
16191,734
16194,734
16197,750
16200,873
16203,849
16207,855
16210,735
16214,736
16217,745
16221,879
16224,964
16227,935
16230,738
16234,729
16237,742
16240,866
16243,962
16247,939
16250,736
16253,733
16257,742
16261,869
16264,966
16267,755
16270,733
16273,733
16277,745
16280,869
16283,965
16286,954
16290,737
16293,733
16296,745
16300,768
16304,918
16307,923
16310,737
16313,732
16317,745
16320,857
16323,960
16326,950
16330,735
16333,733
16336,739
16339,872
16343,967
16347,957
16350,744
16353,734
16356,739
16360,878
16363,824
16366,872
16369,743
16373,734
16376,744
16379,871
16382,962
16387,954
16390,741
16393,734
16396,741
16399,876
16403,962
16406,956
16409,760
16412,734
16416,745
16419,869
16422,965
16425,754
16430,734
16433,735
16436,739
16439,861
16443,964
16446,951
16449,747
16452,732
16456,738
16459,859
16462,965
16465,959
16468,771
16473,732
16476,739
16479,855
16482,955
16486,953
16489,735
16492,734
16495,737
16499,856
16502,951
16505,957
16508,769
16513,735
16516,740
16519,753
16522,878
16526,960
16529,780
16532,732
16535,733
16538,850
16542,935
16545,964
16548,792
16551,730
16556,737
16559,844
16562,927
16565,962
16569,795
16572,736
16575,737
16578,840
16582,768
16585,914
16588,771
16591,737
16594,740
16599,835
16602,917
16605,962
16608,807
16612,733
16615,736
16618,831
16621,910
16625,961
16628,807
16631,736
16634,737
16638,824
16642,904
16645,758
16648,743
16652,737
16655,735
16658,825
16661,910
16664,956
16668,866
16671,734
16674,736
16677,782
16681,858
16685,962
16688,880
16691,743
16695,737
16698,820
16701,893
16704,960
16708,739
16711,734
16714,737
16717,819
16721,911
16724,970
16728,895
16731,734
16734,738
16738,811
16741,761
16744,914
16747,857
16751,737
16754,737
16757,810
16760,882
16764,958
16768,891
16771,733
16774,735
16778,754
16781,892
16784,962
16787,918
16790,735
16794,737
16797,750
16800,890
16803,753
16807,772
16811,729
16814,733
16817,750
16821,878
16824,960
16827,905
16830,736
16834,733
16837,744
16840,889
16843,966
16847,938
16850,738
16854,733
16857,747
16860,880
16864,962
16867,739
16870,730
16873,734
16877,744
16880,873
16883,964
16886,932
16890,731
16893,736
16897,736
16900,870
16904,964
16907,951
16910,742
16913,734
16917,743
16920,875
16923,966
16926,943
16929,734
16933,733
16936,744
16940,872
16943,962
16947,946
16950,737
16953,732
16956,745
16960,747
16963,912
16966,926
16969,736
16973,736
16976,740
16979,868
16983,966
16986,962
16990,751
16993,732
16996,742
16999,868
17003,964
17006,952
17009,741
17012,734
17016,736
17019,868
17022,751
17026,840
17030,738
17033,734
17036,743
17039,864
17043,964
17046,952
17049,753
17052,731
17055,735
17059,858
17062,957
17065,955
17069,753
17073,731
17076,740
17079,852
17082,953
17086,744
17089,738
17092,734
17095,741
17099,857
17102,955
17105,954
17108,765
17113,732
17116,739
17119,741
17122,874
17125,942
17129,761
17132,733
17135,738
17138,849
17142,934
17145,954
17148,736
17152,735
17156,739
17159,845
17162,938
17165,959
17169,780
17172,729
17175,736
17178,848
17181,747
17185,874
17188,740
17191,742
17195,740
17199,840
17202,910
17205,962
17208,783
17212,729
17215,741
17218,844
17221,927
17225,958
17228,803
17231,735
17234,738
17239,832
17242,916
17245,745
17248,734
17251,732
17255,742
17258,831
17261,911
17264,962
17268,797
17271,738
17274,736
17277,826
17282,914
17285,957
17288,866
17291,734
17295,740
17298,823
17301,908
17304,958
17308,737
17311,742
17314,736
17317,818
17320,899
17325,963
17328,869
17331,734
17334,736
17338,789
17341,870
17344,959
17347,889
17351,736
17354,735
17357,809
17360,898
17364,967
17368,891
17371,735
17374,738
17377,826
17381,897
17384,964
17387,899
17390,735
17394,734
17397,803
17400,763
17403,928
17408,883
17411,737
17414,734
17417,808
17421,884
17424,966
17427,922
17430,737
17434,732
17437,745
17440,887
17443,971
17446,921
17451,740
17454,733
17457,751
17460,878
17464,785
17467,796
17470,736
17473,731
17477,749
17480,873
17483,966
17486,922
17490,741
17494,732
17497,741
17500,868
17504,968
17507,943
17510,735
17513,734
17516,745
17520,865
17523,960
17526,749
17529,742
17533,734
17537,744
17540,887
17543,967
17547,948
17550,740
17553,733
17556,748
17560,766
17563,914
17566,904
17569,736
17572,733
17576,744
17580,865
17583,959
17586,950
17590,734
17593,734
17596,739
17599,865
17603,964
17606,967
17609,745
17612,733
17616,746
17619,862
17623,823
17626,871
17630,735
17633,733
17636,741
17639,871
17642,964
17646,956
17649,736
17652,734
17655,738
17659,881
17662,964
17666,960
17669,754
17673,735
17676,739
17679,870
17682,962
17686,755
17689,735
17692,729
17695,747
17699,854
17702,963
17705,954
17709,750
17712,731
17716,737
17719,864
17722,966
17725,956
17729,761
17732,734
17735,734
17738,857
17742,957
17745,5
17748,739
17752,734
17755,743
17759,851
17762,938
17765,967
17768,778
17772,735
17775,741
17778,835
17781,928
17785,965
17788,793
17792,733
17795,738
17798,843
17802,926
17805,967
17808,5
17811,734
17814,740
17818,834
17821,910
17824,964
17827,810
17831,735
17835,738
17838,829
17841,820
17845,958
17848,812
17851,744
17854,736
17858,832
17861,903
17864,955
17867,855
17871,4
17874,733
17878,814
17881,895
17884,954
17888,872
17891,734
17894,734
17897,807
17900,5
17904,877
17907,844
17910,735
17913,731
17917,806
17921,875
17924,963
17927,899
17930,737
17934,5
17937,745
17940,869
17943,967
17946,926
17950,735
17953,733
17956,741
17959,865
17964,959
17967,764
17970,740
17973,731
17977,748
17980,875
17983,959
17986,928
17990,738
17993,734
17996,4
17999,803
18002,933
18007,921
18010,738
18013,732
18016,744
18020,857
18023,965
18026,939
18029,737
18032,734
18036,747
18039,866
18042,965
18045,955
18050,744
18053,739
18056,739
18059,5
18062,864
18066,901
18069,736
18072,733
18075,739
18079,853
18082,959
18085,950
18088,5
18092,735
18096,740
18099,864
18102,958
18105,961
18109,768
18112,732
18115,739
18118,855
18122,4
18125,808
18128,734
18131,734
18135,738
18139,847
18142,936
18145,960
18148,770
18152,737
18155,736
18158,843
18161,934
18164,959
18168,786
18171,734
18174,740
18178,848
18182,932
18185,4
18188,735
18191,734
18194,737
18198,832
18201,906
18204,960
18207,791
18211,745
18214,5
18217,823
18221,898
18224,964
18228,876
18231,736
18234,736
18237,824
18241,904
18244,962
18247,4
18250,737
18253,736
18257,815
18260,892
18264,963
18267,896
18271,735
18274,736
18277,5
18280,828
18283,966
18287,911
18290,738
18293,735
18296,757
18300,887
18304,966
18307,922
18310,5
18313,734
18317,746
18320,879
18323,959
18326,924
18330,742
18333,732
18336,749
18339,5
18342,891
18347,897
18350,735
18353,733
18356,747
18359,872
18363,964
18366,960
18369,740
18372,5
18376,747
18379,862
18382,966
18385,960
18388,740
18393,734
18396,744
18399,867
18402,4
18405,816
18409,737
18412,738
18415,738
18418,872
18422,961
18425,960
18428,761
18432,734
18436,5
18439,837
18442,944
18445,962
18448,764
18452,736
18455,744
18458,852
18461,948
18465,961
18468,740
18471,734
18475,738
18479,862
18482,956
18485,966
18488,779
18491,734
18495,741
18498,5
18501,850
18504,949
18507,776
18511,735
18514,738
18518,845
18521,915
18525,961
18528,5
18531,737
18534,739
18537,844
18541,922
18544,965
18547,819
18550,741
18554,736
18557,833
18561,4
18564,878
18567,816
18571,737
18574,734
18577,825
18580,898
18584,963
18587,876
18590,5
18593,735
18596,807
18600,902
18604,962
18607,904
18610,738
18614,737
18617,814
18620,895
18623,4
18626,751
18630,736
18633,732
18636,753
18639,889
18643,966
18647,917
18650,735
18653,5
18656,749
18660,875
18663,964
18666,943
18669,735
18673,735
18676,748
18679,880
18682,967
18685,5
18690,735
18693,734
18696,746
18699,871
18703,968
18706,951
18709,739
18712,736
18715,5
18719,860
18722,959
18725,954
18728,748
18732,734
18736,747
18739,867
18742,971
18745,958
18749,5
18752,733
18755,739
18758,866
18761,968
18765,956
18768,753
18771,731
18775,736
18779,856
18782,862
18785,934
18788,748
18792,732
18795,745
18798,860
18801,970
18805,956
18808,768
18811,5
18814,743
18818,843
18822,940
18825,958
18828,774
18831,733
18834,732
18838,839
18841,926
18844,848
18847,733
18851,733
18854,740
18857,846
18861,927
18865,958
18868,804
18871,737
18874,5
18877,825
18881,903
18884,960
18887,806
18890,732
18894,732
18897,825
18900,898
18904,963
18908,738
18911,746
18914,738
18917,830
18920,913
18924,962
18927,876
18930,741
18933,736
18937,5
18940,824
18944,951
18947,878
18950,737
18954,734
18957,809
18960,874
18963,961
18967,887
18970,742
18973,732
18976,811
18980,895
18983,960
18987,904
18990,734
18994,731
18997,808
19000,5
19003,876
19006,840
19010,735
19013,732
19016,747
19019,880
19023,966
19026,910
19030,737
19033,735
19036,749
19040,887
19043,966
19046,935
19049,736
19053,735
19056,744
19059,887
19062,5
19065,766
19069,728
19073,734
19076,745
19079,872
19083,964
19086,943
19089,736
19092,733
19096,742
19099,868
19102,961
19105,949
19109,738
19112,733
19116,741
19119,874
19122,960
19126,4
19129,732
19132,731
19135,739
19138,876
19142,968
19145,954
19148,741
19151,735
19155,6
19159,852
19162,966
19165,961
19168,774
19172,732
19175,747
19178,865
19181,960
19185,955
19188,4
19191,737
19194,736
19197,848
19202,945
19205,960
19208,768
19211,732
19215,736
19218,849
19221,850
19224,946
19228,767
19231,740
19234,740
19237,847
19241,946
19245,969
19248,787
19251,4
19254,737
19258,828
19261,918
19264,959
19267,797
19270,735
19274,736
19277,830
19280,908
19283,864
19288,742
19291,734
19294,734
19297,833
19301,909
19304,959
19307,811
19310,740
19314,5
19317,815
19320,893
19323,962
19326,878
19331,732
19334,735
19337,814
19340,892
19344,963
19347,741
19350,736
19353,739
19356,819
19360,904
19363,964
19366,899
19369,734
19374,736
19377,5
19380,812
19383,951
19386,900
19390,735
19393,733
19396,753
19399,878
19403,963
19406,911
19409,733
19412,736
19417,755
19420,894
19423,962
19426,927
19430,729
19433,736
19436,743
19439,5
19442,874
19446,872
19449,736
19452,735
19456,740
19460,876
19463,968
19466,938
19469,736
19472,734
19476,748
19479,880
19482,958
19485,946
19489,736
19492,733
19495,744
19499,871
19503,4
19506,769
19509,736
19512,734
19515,740
19519,854
19522,966
19525,951
19528,741
19532,733
19535,739
19538,875
19542,963
19546,957
19549,745
19552,735
19555,735
19558,872
19562,964
19565,4
19568,733
19571,735
19574,743
19578,870
19581,967
19585,954
19588,749
19592,731
19595,745
19598,848
19601,957
19605,955
19608,767
19611,734
19614,742
19618,863
19621,963
19624,956
19628,5
19631,731
19635,738
19638,854
19641,946
19644,962
19648,779
19651,729
19654,737
19657,843
19660,840
19664,942
19667,783
19671,734
19674,739
19678,850
19681,930
19684,964
19687,796
19691,5
19694,740
19697,820
19700,904
19703,962
19707,805
19710,735
19714,736
19717,833
19721,5
19724,864
19727,812
19730,734
19733,738
19737,821
19740,898
19743,962
19746,884
19750,736
19753,5
19757,806
19760,882
19763,964
19767,891
19770,740
19773,735
19776,808
19780,886
19783,5
19786,757
19789,734
19792,735
19796,748
19800,883
19803,966
19806,921
19810,734
19813,730
19816,4
19819,806
19822,942
19826,918
19829,730
19832,733
19835,741
19838,870
19843,965
19846,940
19849,734
19852,736
19856,739
19859,884
19862,962
19865,947
19869,735
19872,735
19875,742
19878,4
19881,869
19886,886
19889,735
19892,735
19895,742
19899,859
19902,959
19905,953
19908,5
19911,735
19915,745
19918,881
19921,963
19924,956
19929,754
19932,731
19935,744
19938,864
19942,5
19945,834
19948,738
19951,735
19954,736
19958,844
19961,946
19964,959
19968,756
19971,4
19975,742
19978,846
19981,944
19984,964
19987,787
19991,732
19994,738
19997,846
20000,934
20004,5
20007,730
20011,733
20014,739
20017,832
20021,909
20024,963
20027,792
20030,737
20034,720
20037,833
20040,917
20043,963
20047,809
20050,733
20054,734
20057,827
20061,914
20064,961
20067,732
20070,734
20074,738
20077,828
20080,903
20083,953
20086,862
20090,732
20093,740
20097,788
20100,870
20104,960
20107,879
20110,736
20113,737
20117,821
20120,897
20123,964
20126,882
20130,737
20133,736
20136,822
20140,897
20143,966
20147,884
20150,735
20153,738
20156,812
20160,778
20163,936
20166,867
20169,736
20173,735
20176,806
20179,889
20183,962
20187,903
20190,738
20193,733
20196,807
20200,877
20203,961
20206,898
20209,736
20212,732
20216,749
20219,875
20222,840
20226,821
20230,736
20233,735
20236,750
20239,874
20243,960
20246,912
20249,735
20252,733
20256,743
20259,870
20262,963
20265,927
20270,735
20273,732
20276,746
20279,868
20282,962
20286,758
20289,731
20292,735
20295,740
20299,886
20302,956
20305,940
20308,732
20313,739
20316,5
20319,797
20322,936
20325,929
20329,737
20332,733
20335,746
20338,860
20342,970
20345,946
20348,735
20352,735
20356,742
20359,882
20362,966
20365,954
20368,744
20372,733
20375,743
20378,4
20381,868
20384,903
20388,738
20391,732
20395,741
20398,869
20402,962
20405,956
20408,5
20411,733
20414,742
20418,873
20421,968
20424,963
20427,766
20431,734
20434,738
20438,868
20441,4
20444,825
20448,736
20451,729
20454,741
20457,842
20461,933
20464,957
20467,760
20470,5
20473,738
20477,839
20481,919
20484,962
20487,790
20491,738
20494,736
20497,841
20500,920
20504,5
20507,732
20510,738
20513,740
20516,829
20520,906
20524,958
20527,855
20530,735
20533,5
20537,822
20540,902
20543,962
20546,885
20550,739
20553,734
20556,822
20559,901
20562,968
20567,730
20570,736
20573,734
20576,816
20580,892
20583,962
20586,895
20589,734
20593,734
20596,791
20599,870
20602,966
20606,905
20610,735
20613,733
20616,814
20619,886
20623,962
20626,915
20629,737
20632,733
20636,752
20639,890
20642,969
20645,921
20649,733
20653,735
20656,748
20659,770
20663,936
20666,905
20669,732
20672,732
20676,748
20679,884
20682,963
20685,933
20688,735
20692,736
20696,740
20699,883
20702,964
20706,929
20709,737
20712,734
20715,748
20719,875
20722,834
20725,852
20728,734
20732,733
20736,744
20739,883
20742,965
20746,950
20749,735
20752,732
20755,740
20758,866
20762,965
20765,947
20768,738
20771,732
20775,741
20779,851
20782,965
20785,753
20789,737
20792,733
20795,744
20798,869
20802,965
20805,949
20808,737
20811,735
20814,5
20818,795
20822,933
20825,948
20828,738
20832,733
20835,743
20838,867
20841,967
20844,962
20848,734
20851,733
20854,741
20857,874
20861,962
20865,954
20868,755
20871,736
20875,743
20878,4
20881,854
20884,918
20887,743
20891,731
20894,741
20897,851
20900,946
20904,953
20908,4
20911,733
20914,740
20917,855
20921,937
20924,958
20927,783
20930,725
20934,741
20937,840
20940,5
20943,848
20946,736
20951,738
20954,742
20957,840
20960,907
20964,966
20967,793
20970,4
20973,739
20976,818
20980,922
20983,957
20986,872
20989,734
20993,736
20997,828
21000,911
21003,738
21006,742
21010,736
21013,738
21016,820
21019,900
21023,965
21026,878
21029,737
21032,734
21037,818
21040,904
21043,960
21046,892
21050,733
21053,734
21056,818
21059,897
21062,964
21066,737
21069,733
21072,735
21075,814
21080,893
21083,961
21086,893
21089,735
21093,733
21096,808
21099,886
21102,968
21106,912
21109,736
21112,736
21115,752
21118,899
21123,962
21126,915
21129,735
21132,734
21136,756
21139,886
21142,967
21145,920
21149,734
21152,734
21155,745
21158,812
21163,964
21166,931
21169,736
21172,734
21176,742
21179,881
21182,960
21185,939
21188,4
21192,736
21195,747
21198,876
21201,964
21206,947
21209,736
21212,734
21215,746
21218,5
21222,881
21225,910
21228,737
21231,736
21234,741
21238,868
21241,961
21244,954
21248,742
21252,5
21255,737
21258,864
21261,963
21264,959
21268,747
21271,738
21274,740
21277,862
21281,741
21284,843
21287,735
21291,736
21295,737
21298,864
21301,963
21304,961
21308,762
21311,731
21314,741
21317,849
21320,953
21324,950
21327,757
21330,737
21334,736
21338,855
21341,943
21344,772
21347,734
21351,734
21354,740
21357,847
21360,953
21364,958
21367,766
21370,733
21373,735
21378,830
21381,926
21384,962
21387,772
21390,732
21394,738
21397,837
21400,922
21403,957
21407,735
21410,734
21413,736
21416,856
21421,930
21424,964
21427,790
21430,743
21434,739
21437,734
21440,858
21443,961
21446,784
21450,737
21453,731
21456,837
21459,903
21464,952
21467,738
21470,732
21473,735
21477,842
21480,925
21483,959
21486,798
21490,735
21493,741
21496,836
21499,799
21504,936
21507,793
21510,731
21513,733
21516,831
21520,895
21523,964
21526,870
21529,733
21533,738
21536,828
21539,920
21542,960
21547,875
21550,735
21553,735
21556,823
21560,730
21563,906
21566,825
21569,740
21573,739
21576,811
21579,892
21582,962
21585,882
21590,734
21593,736
21596,827
21599,900
21603,959
21606,889
21609,741
21612,733
21616,807
21619,893
21622,850
21625,819
21629,734
21633,732
21636,813
21639,882
21642,959
21646,901
21649,5
21652,733
21655,750
21659,888
21662,961
21665,924
21668,736
21671,734
21676,746
21679,881
21682,747
21685,783
21689,737
21692,734
21695,743
21698,874
21702,966
21705,931
21708,732
21711,732
21715,750
21719,881
21722,966
21725,947
21728,734
21732,734
21735,748
21738,884
21741,4
21745,769
21748,733
21751,733
21754,744
21757,862
21762,966
21765,949
21768,734
21771,732
21775,740
21778,868
21781,970
21784,957
21788,740
21791,735
21794,747
21797,865
21801,961
21805,744
21808,738
21811,733
21815,742
21818,876
21821,957
21824,962
21827,745
21831,731
21834,740
21837,875
21840,960
21844,958
21848,752
21851,733
21854,736
21858,873
21861,960
21864,739
21867,737
21871,736
21874,738
21877,862
21880,963
21883,955
21888,751
21891,728
21894,742
21897,859
21901,958
21904,958
21907,766
21910,734
21914,742
21917,862
21920,962
21923,5
21926,736
21931,731
21934,738
21937,848
21940,933
21944,957
21947,774
21950,734
21953,735
21957,838
21960,942
21963,954
21966,791
21969,732
21974,738
21977,848
21980,932
21983,959
21987,736
21990,738
21993,736
21996,840
22000,926
22003,957
22006,780
22009,733
22013,5
22017,829
22020,913
22023,958
22026,818
22030,743
22033,736
22036,829
22039,914
22043,961
22046,738
22049,731
22052,738
22055,828
22060,905
22063,961
22066,862
22069,738
22073,733
22076,813
22079,904
22082,964
22086,891
22089,730
22092,735
22095,826
22099,895
22103,965
22106,732
22109,732
22113,735
22116,814
22119,896
22122,965
22125,895
22129,735
22132,731
22135,808
22138,883
22142,966
22146,907
22149,739
22152,737
22156,806
22159,884
22162,961
22165,5
22168,733
22172,732
22175,753
22178,884
22181,959
22185,919
22189,735
22192,733
22195,742
22199,882
22202,966
22205,937
22208,735
22211,736
22215,743
22218,881
22221,971
22224,5
22227,734
22232,734
22235,743
22238,875
22241,974
22245,948
22248,737
22251,732
22254,738
22258,859
22261,968
22264,952
22267,740
22272,730
22275,748
22278,870
22281,960
22285,956
22288,733
22291,733
22294,744
22297,864
22301,966
22304,961
22307,743
22310,732
22315,5
22318,862
22321,969
22324,960
22327,747
22331,738
22334,741
22337,878
22340,966
22344,950
22347,739
22350,733
22353,740
22358,867
22361,965
22364,962
22367,755
22371,731
22374,4
22377,852
22380,948
22383,958
22387,774
22390,737
22393,739
22396,858
22401,950
22404,958
22407,735
22410,736
22413,739
22417,856
22420,942
22423,950
22426,769
22430,734
22433,737
22436,843
22439,931
22444,960
22447,787
22450,733
22453,736
22457,845
22460,915
22463,960
22466,737
22469,734
22473,736
22476,840
22479,926
22482,961
22487,786
22490,735
22493,739
22496,826
22500,915
22503,964
22506,811
22509,734
22513,735
22516,839
22519,925
22522,966
22526,734
22530,725
22533,738
22536,832
22539,912
22543,966
22546,800
22549,735
22552,737
22556,824
22559,908
22562,962
22565,876
22569,736
22573,743
22576,822
22579,906
22583,962
22586,736
22589,736
22592,738
22596,823
22599,905
22602,965
22605,872
22608,734
22612,735
22616,816
22619,897
22622,958
22626,887
22629,740
22632,738
22635,818
22639,890
22642,961
22645,739
22648,739
22652,734
22656,816
22659,884
22662,959
22665,893
22669,736
22672,733
22675,809
22678,888
22682,965
22685,914
22688,742
22691,732
22695,752
22699,891
22702,964
22705,734
22709,731
22712,736
22715,749
22718,884
22722,963
22725,908
22728,738
22731,733
22734,747
22738,882
22742,965
22745,925
22748,737
22752,734
22755,748
22758,886
22761,966
22765,748
22768,734
22771,733
22774,740
22778,876
22781,966
22785,935
22788,736
22792,4
22795,751
22798,886
22801,968
22804,951
22808,738
22811,731
22814,741
22817,875
22820,968
22824,751
22828,738
22831,732
22834,741
22838,868
22841,965
22844,945
22847,737
22851,5
22854,741
22857,875
22860,966
22863,957
22867,746
22871,734
22874,742
22877,871
22881,965
22884,758
22887,737
22890,734
22894,740
22897,862
22900,964
22903,952
22906,747
22910,4
22914,736
22917,859
22920,968
22924,959
22927,765
22930,733
22933,739
22936,858
22940,960
22943,765
22946,738
22949,731
22953,738
22957,847
22960,928
22963,956
22967,769
22970,719
22973,739
22976,855
22980,957
22983,955
22986,782
22989,737
22992,735
22996,850
23000,938
23003,811
23006,737
23010,731
23013,739
23016,837
23019,919
23023,963
23026,778
23029,733
23032,736
23036,850
23040,935
23043,947
23046,797
23050,742
23053,735
23056,843
23059,5
23062,834
23066,737
23069,738
23072,736
23075,827
23078,895
23083,963
23086,859
23089,736
23092,738
23096,830
23099,919
23102,955
23105,875
23109,744
23112,737
23115,817
23118,4
23121,873
23126,820
23129,734
23132,735
23135,822
23139,894
23142,960
23145,894
23148,736
23152,736
23155,812
23158,893
23161,962
23164,909
23169,735
23172,735
23175,803
23178,5
23182,889
23185,869
23188,733
23191,734
23194,749
23198,870
23201,967
23204,923
23207,733
23212,734
23215,748
23218,882
23221,967
23225,943
23228,738
23231,735
23234,747
23238,5
23241,886
23244,888
23247,736
23250,736
23255,744
23258,859
23261,958
23264,930
23268,739
23271,732
23274,740
23277,870
23280,964
23284,947
23287,741
23290,732
23293,748
23298,740
23301,898
23304,911
23307,737
23311,732
23314,747
23317,856
23320,954
23324,952
23327,738
23330,736
23333,741
23337,877
23341,960
23344,954
23347,747
23350,733
23354,744
23357,760
23360,907
23363,934
23367,736
23370,732
23373,739
23376,862
23380,966
23384,960
23387,739
23390,736
23394,741
23397,872
23400,962
23403,955
23406,757
23410,729
23413,741
23416,776
23419,903
23424,950
23427,752
23430,731
23433,738
23437,854
23440,947
23443,737
23446,735
23450,735
23453,742
23456,854
23459,959
23463,962
23467,773
23470,734
23473,5
23476,827
23480,913
23483,959
23486,776
23489,731
23492,733
23496,836
23499,922
23502,738
23505,740
23510,729
23513,736
23516,835
23519,915
23523,954
23526,786
23529,735
23532,5
23535,818
23539,900
23542,959
23545,807
23548,733
23553,736
23556,818
23559,903
23562,773
23566,725
23569,739
23572,736
23575,819
23578,906
23582,960
23585,879
23588,735
23591,5
23596,803
23599,883
23602,961
23605,881
23608,733
23612,733
23615,812
23618,883
23621,819
23625,792
23628,734
23631,732
23634,808
23639,890
23642,968
23645,903
23648,734
23652,734
23655,802
23658,871
23661,961
23664,904
23668,733
23671,733
23674,744
23677,881
23682,864
23685,852
23688,734
23691,735
23695,751
23698,879
23701,960
23704,926
23708,734
23711,732
23714,743
23717,881
23721,969
23725,928
23728,738
23731,734
23734,747
23738,5
23741,900
23744,904
23747,736
23751,734
23754,742
23757,871
23760,965
23763,954
23768,732
23771,733
23774,746
23777,874
23781,960
23784,953
23787,735
23790,730
23794,741
23797,743
23800,905
23803,928
23808,733
23811,733
23814,745
23817,867
23820,960
23824,958
23827,5
23830,732
23833,737
23837,873
23840,968
23843,958
23846,751
23849,733
23854,741
23857,767
23860,909
23863,952
23867,753
23870,735
23873,746
23876,866
23880,967
23883,952
23886,729
23889,730
23894,748
23897,864
23900,962
23903,964
23906,752
23910,735
23913,743
23916,821
23919,943
23923,953
23926,763
23929,731
23932,738
23937,854
23940,953
23943,947
23946,736
23950,732
23953,736
23956,854
23959,945
23963,953
23966,760
23969,734
23972,743
23975,837
23980,940
23983,958
23986,779
23989,732
23993,738
23996,856
23999,931
24002,964
24006,734
24009,734
24012,743
24015,839
24019,922
24023,962
24026,782
24029,732
24033,740
24036,840
24039,926
24042,960
24045,793
24049,738
24052,738
24055,837
24058,921
24062,5
24066,733
24069,736
24072,739
24075,826
24079,899
24082,959
24085,795
24088,739
24092,734
24095,830
24098,912
24101,967
24105,868
24109,744
24112,736
24115,829
24119,899
24122,5
24125,741
24128,736
24131,732
24135,814
24138,895
24141,966
24144,890
24147,736
24152,731
24155,812
24158,901
24161,958
24165,908
24168,732
24171,733
24174,809
24178,888
24181,770
24184,771
24187,734
24192,734
24195,744
24198,880
24201,966
24205,911
24208,4
24211,732
24214,749
24217,888
24221,968
24224,931
24227,736
24230,731
24233,740
24238,874
24241,812
24244,826
24247,734
24251,730
24254,748
24257,880
24260,965
24264,937
24267,733
24270,736
24273,747
24278,875
24281,964
24284,947
24287,734
24291,733
24294,749
24297,5
24300,870
24303,892
24307,733
24310,736
24313,745
24316,860
24320,960
24324,954
24327,740
24330,731
24333,743
24337,868
24340,961
24343,958
24346,745
24350,738
24353,746
24356,729
24359,888
24364,922
24367,734
24370,732
24373,743
24377,860
24380,962
24383,958
24386,733
24389,733
24393,741
24396,882
24399,955
24402,963
24407,756
24410,734
24413,740
24416,750
24420,883
24423,936
24426,752
24429,732
24433,740
24436,850
24439,948
24442,4
24445,737
24450,732
24453,740
24456,848
24459,948
24463,953
24466,780
24469,735
24472,742
24475,822
24479,916
24482,964
24485,783
24488,733
24493,738
24496,842
24499,925
24502,747
24506,737
24509,735
24512,734
24515,840
24519,920
24522,956
24525,789
24528,736
24532,4
24536,825
24539,905
24542,963
24545,809
24549,738
24552,735
24555,830
24558,897
24561,761
24565,729
24568,735
24571,735
24574,823
24579,902
24582,967
24585,878
24588,733
24592,734
24595,822
24598,898
24601,962
24605,873
24608,739
24611,734
24614,817
24619,896
24622,888
24625,829
24628,732
24631,737
24635,821
24638,901
24641,962
24644,902
24648,736
24651,733
24654,820
24657,899
24662,958
24665,897
24668,733
24671,734
24675,815
24678,4
24681,901
24684,873
24687,739
24691,734
24694,748
24697,891
24700,964
24705,923
24708,736
24711,731
24714,750
24717,883
24721,965
24724,928
24727,738
24730,738
24734,740
24737,764
24740,931
24743,913
24748,736
24751,733
24754,751
24757,879
24761,962
24764,935
24767,735
24770,731
24774,750
24777,876
24780,963
24783,944
24786,734
24791,734
24794,741
24797,810
24800,952
24804,951
24807,741
24810,732
24813,744
24817,877
24820,967
24823,953
24826,738
24830,732
24834,746
24837,867
24840,966
24843,953
24847,741
24850,730
24853,747
24856,839
24860,955
24863,952
24866,739
24869,736
24873,742
24877,864
24880,963
24883,958
24887,732
24890,734
24893,739
24896,871
24900,962
24903,956
24906,744
24909,732
24912,738
24916,871
24920,968
24923,951
24926,749
24930,732
24933,739
24936,875
24939,962
24943,5
24946,737
24949,732
24952,739
24955,860
24960,954
24963,959
24966,758
24969,731
24973,741
24976,841
24979,954
24982,957
24986,767
24989,734
24992,732
24995,854
24998,956
25003,736
25006,732
25009,737
25012,744
25016,850
25019,930
25022,963
25025,775
25029,735
25032,742
25035,849
25038,945
25042,958
25046,789
25049,730
25052,738
25056,844
25059,934
25062,802
25065,735
25068,734
25072,735
25075,832
25078,915
25081,959
25085,780
25089,736
25092,735
25095,844
25099,927
25102,959
25105,807
25108,737
25112,736
25115,837
25118,5
25121,862
25124,741
25128,735
25132,743
25135,835
25138,909
25142,970
25145,870
25148,729
25151,738
25154,832
25158,912
25161,967
25164,879
25167,736
25171,739
25175,822
25178,740
25181,902
25185,836
25188,732
25191,734
25194,816
25198,884
25201,954
25204,4
25207,731
25210,731
25214,816
25218,889
25221,963
25224,908
25228,734
25231,735
25234,805
25237,783
25240,938
25244,890
25247,736
25250,734
25253,742
25257,870
25261,960
25264,5
25267,733
25270,734
25274,746
25277,883
25280,961
25283,927
25287,734
25290,731
25293,746
25296,792
25300,928
25304,913
25307,732
25310,732
25314,744
25317,862
25320,971
25323,749
25326,738
25330,732
25333,742
25336,874
25339,966
25344,956
25347,739
25350,736
25353,738
25357,860
25360,962
25363,951
25366,735
25370,734
25373,745
25376,855
25379,965
25383,785
25387,735
25390,733
25393,742
25396,866
25400,959
25403,959
25406,747
25409,733
25413,738
25416,851
25419,970
25422,950
25426,748
25430,735
25433,742
25436,870
25440,5
25443,821
25446,735
25449,732
25452,738
25456,872
25459,961
25462,958
25465,760
25469,5
25473,736
25476,857
25479,958
25482,962
25486,776
25489,734
25492,733
25495,846
25498,806
25502,903
25505,747
25508,736
25511,742
25516,848
25519,935
25522,956
25525,783
25529,735
25532,737
25535,844
25538,939
25542,959
25545,783
25548,732
25551,736
25555,843
25559,836
25562,943
25565,782
25568,732
25572,737
25575,839
25578,914
25581,964
25585,804
25588,735
25591,736
25594,846
25598,923
25602,959
25605,800
25608,734
25612,739
25615,732
25618,848
25621,961
25624,814
25628,739
25631,733
25634,831
25637,917
25641,962
25645,4
25648,735
25651,736
25654,831
25658,897
25661,957
25664,870
25667,733
25671,737
25674,809
25677,894
25680,966
25684,895
25688,734
25691,739
25694,823
25698,900
25701,962
25704,735
25707,732
25710,733
25714,808
25717,892
25720,961
25723,883
25728,733
25731,734
25734,806
25737,877
25741,965
25744,912
25747,731
25750,730
25754,810
25757,887
25760,971
25763,741
25767,731
25771,734
25774,749
25777,882
25780,963
25784,909
25787,736
25790,738
25793,750
25797,888
25800,964
25803,925
25806,736
25810,733
25814,747
25817,880
25820,5
25823,765
25827,732
25830,736
25833,746
25836,875
25840,974
25843,935
25846,734
25849,734
25853,746
25857,884
25860,964
25863,950
25866,734
25870,734
25873,746
25876,877
25879,738
25883,800
25886,739
25889,734
25892,739
25896,862
25900,968
25903,951
25906,742
25910,735
25913,746
25916,878
25919,963
25923,958
25926,743
25929,731
25932,741
25935,5
25939,839
25943,891
25946,734
25949,732
25952,744
25956,862
25959,954
25962,959
25965,736
25969,731
25972,749
25975,867
25978,974
25982,952
25986,754
25989,731
25992,736
25996,4
25999,856
26002,930
26005,744
26008,731
26012,741
26015,849
26018,934
26021,957
26025,735
26029,732
26032,738
26035,850
26038,953
26042,958
26045,781
26048,734
26051,739
26055,752
26058,870
26061,955
26064,774
26068,735
26072,739
26075,836
26078,922
26082,725
26085,738
26088,734
26091,737
26095,841
26098,927
26101,957
26104,800
26107,736
26112,5
26115,815
26118,894
26121,959
26124,808
26128,731
26131,744
26134,827
26137,892
26141,760
26144,730
26147,734
26150,736
26155,827
26158,914
26161,955
26164,864
26168,737
26171,5
26174,812
26177,878
26180,957
26184,877
26187,736
26190,734
26193,814
26198,887
26201,848
26204,819
26207,730
26210,733
26214,814
26217,898
26220,960
26223,898
26227,739
26230,734
26233,815
26236,881
26241,964
26244,900
26247,733
26250,732
26254,750
26257,741
26260,920
26263,885
26267,735
26270,734
